outcome,consec_coding,n_appearances,beta3,se,t,p_value,sd_y,beta3_sd,se_sd
release_speed,consec_intensity_3,18824,0.029403397671468816,0.024487574618636657,1.2007476497525766,0.23083574872561696,2.65432352738218,0.011077548523434084,0.00922554254069679
pfx_x,consec_intensity_3,18824,0.003482487679376532,0.0038411322934694125,0.9066304967671542,0.36536014225274593,0.6788893715096126,0.00512968360608253,0.005657964986148004
pfx_z,consec_intensity_3,18824,0.004723075279164982,0.0031124996844939658,1.5174540587729781,0.1302489755644647,0.27963758843411896,0.01688998716378829,0.011130476778615379
xBAA,consec_intensity_3,16370,-0.0015962003412120153,0.003741250720316444,-0.4266488563688148,0.6699538488410792,0.13880532732809162,-0.011499561089893227,0.026953221409674846
